<?xml version="1.0" encoding="UTF-8"?>
<!DOCTYPE mapper PUBLIC "-//mybatis.org//DTD Mapper 3.0//EN" "http://mybatis.org/dtd/mybatis-3-mapper.dtd">
<mapper namespace="com.dao.CheliangDao">

    <!-- 通用查询结果列 -->
    <sql id="Base_Column_List">
        a.id as id
        ,a.yonghu_id as yonghuId
        ,a.cheliang_name as cheliangName
        ,a.cheliang_types as cheliangTypes
        ,a.cheliang_paihao as cheliangPaihao
        ,a.cheliang_content as cheliangContent
        ,a.insert_time as insertTime
        ,a.create_time as createTime
    </sql>
    <select id="selectListView" parameterType="map" resultType="com.entity.view.CheliangView" >
        SELECT
        <include refid="Base_Column_List" />

--         级联表的字段
        ,yonghu.yonghu_name as yonghuName
        ,yonghu.yonghu_phone as yonghuPhone
        ,yonghu.yonghu_id_number as yonghuIdNumber
        ,yonghu.yonghu_photo as yonghuPhoto
        ,yonghu.sex_types as sexTypes
        ,yonghu.zhunjia_types as zhunjiaTypes
        ,yonghu.jiashizhenghao as jiashizhenghao
        ,yonghu.yonghu_content as yonghuContent

        FROM cheliang  a
        left JOIN yonghu yonghu ON a.yonghu_id = yonghu.id

        <where>
            <if test="params.ids != null">
                and a.id in
                <foreach item="item" index="index" collection="params.ids" open="(" separator="," close=")">
                #{item}
                </foreach>
            </if>
            <if test="params.yonghuId != null and params.yonghuId != ''">
                and (
                    a.yonghu_id = #{params.yonghuId}
                )
            </if>
            <if test=" params.cheliangName != '' and params.cheliangName != null and params.cheliangName != 'null' ">
                and a.cheliang_name like CONCAT('%',#{params.cheliangName},'%')
            </if>
            <if test="params.cheliangTypes != null and params.cheliangTypes != ''">
                and a.cheliang_types = #{params.cheliangTypes}
            </if>
            <if test=" params.cheliangPaihao != '' and params.cheliangPaihao != null and params.cheliangPaihao != 'null' ">
                and a.cheliang_paihao like CONCAT('%',#{params.cheliangPaihao},'%')
            </if>
            <if test=" params.cheliangContent != '' and params.cheliangContent != null and params.cheliangContent != 'null' ">
                and a.cheliang_content like CONCAT('%',#{params.cheliangContent},'%')
            </if>
            <if test=" params.insertTimeStart != '' and params.insertTimeStart != null ">
                <![CDATA[  and UNIX_TIMESTAMP(a.insert_time) >= UNIX_TIMESTAMP(#{params.insertTimeStart}) ]]>
            </if>
            <if test=" params.insertTimeEnd != '' and params.insertTimeEnd != null ">
                <![CDATA[  and UNIX_TIMESTAMP(a.insert_time) <= UNIX_TIMESTAMP(#{params.insertTimeEnd}) ]]>
            </if>

                <!-- 判断用户的id不为空 -->
            <if test=" params.yonghuIdNotNull != '' and params.yonghuIdNotNull != null and params.yonghuIdNotNull != 'null' ">
                and a.yonghu_id IS NOT NULL
            </if>
            <if test=" params.yonghuName != '' and params.yonghuName != null and params.yonghuName != 'null' ">
                and yonghu.yonghu_name like CONCAT('%',#{params.yonghuName},'%')
            </if>
            <if test=" params.yonghuPhone != '' and params.yonghuPhone != null and params.yonghuPhone != 'null' ">
                and yonghu.yonghu_phone like CONCAT('%',#{params.yonghuPhone},'%')
            </if>
            <if test=" params.yonghuIdNumber != '' and params.yonghuIdNumber != null and params.yonghuIdNumber != 'null' ">
                and yonghu.yonghu_id_number like CONCAT('%',#{params.yonghuIdNumber},'%')
            </if>
            <if test="params.sexTypes != null  and params.sexTypes != ''">
                and yonghu.sex_types = #{params.sexTypes}
            </if>

            <if test="params.zhunjiaTypes != null  and params.zhunjiaTypes != ''">
                and yonghu.zhunjia_types = #{params.zhunjiaTypes}
            </if>

            <if test=" params.jiashizhenghao != '' and params.jiashizhenghao != null and params.jiashizhenghao != 'null' ">
                and yonghu.jiashizhenghao like CONCAT('%',#{params.jiashizhenghao},'%')
            </if>
            <if test=" params.yonghuContent != '' and params.yonghuContent != null and params.yonghuContent != 'null' ">
                and yonghu.yonghu_content like CONCAT('%',#{params.yonghuContent},'%')
            </if>
            <if test=" params.insertTimeStart != '' and params.insertTimeStart != null ">
                <![CDATA[  and UNIX_TIMESTAMP(yonghu.insert_time) >= UNIX_TIMESTAMP(#{params.insertTimeStart}) ]]>
            </if>
            <if test=" params.insertTimeEnd != '' and params.insertTimeEnd != null ">
                <![CDATA[  and UNIX_TIMESTAMP(yonghu.insert_time) <= UNIX_TIMESTAMP(#{params.insertTimeEnd}) ]]>
            </if>
        </where>

        order by a.${params.orderBy} desc 
    </select>

</mapper>