<?xml version="1.0" encoding="UTF-8"?>
<!DOCTYPE mapper PUBLIC "-//mybatis.org//DTD Mapper 3.0//EN" "http://mybatis.org/dtd/mybatis-3-mapper.dtd">
<mapper namespace="com.dao.WeixiudengjiDao">

    <!-- 通用查询结果列 -->
    <sql id="Base_Column_List">
        a.id as id
        ,a.yonghu_id as yonghuId
        ,a.yuangong_id as yuangongId
        ,a.weixiudengji_uuid_number as weixiudengjiUuidNumber
        ,a.weixiudengji_name as weixiudengjiName
        ,a.weixiudengji_types as weixiudengjiTypes
        ,a.weixiudengji_content as weixiudengjiContent
        ,a.weixiudengji_time as weixiudengjiTime
        ,a.insert_time as insertTime
        ,a.create_time as createTime
    </sql>
    <select id="selectListView" parameterType="map" resultType="com.entity.view.WeixiudengjiView" >
        SELECT
        <include refid="Base_Column_List" />

--         级联表的字段
        ,yonghu.yonghu_name as yonghuName
        ,yonghu.yonghu_phone as yonghuPhone
        ,yonghu.yonghu_id_number as yonghuIdNumber
        ,yonghu.yonghu_photo as yonghuPhoto
        ,yonghu.sex_types as sexTypes
        ,yonghu.zhunjia_types as zhunjiaTypes
        ,yonghu.jiashizhenghao as jiashizhenghao
        ,yonghu.yonghu_content as yonghuContent
        ,yuangong.yuangong_uuid_number as yuangongUuidNumber
        ,yuangong.yuangong_name as yuangongName
        ,yuangong.yuangong_phone as yuangongPhone
        ,yuangong.yuangong_id_number as yuangongIdNumber
        ,yuangong.yuangong_photo as yuangongPhoto
        ,yuangong.yuangong_email as yuangongEmail

        FROM weixiudengji  a
        left JOIN yonghu yonghu ON a.yonghu_id = yonghu.id
        left JOIN yuangong yuangong ON a.yuangong_id = yuangong.id

        <where>
            <if test="params.ids != null">
                and a.id in
                <foreach item="item" index="index" collection="params.ids" open="(" separator="," close=")">
                #{item}
                </foreach>
            </if>
            <if test="params.yonghuId != null and params.yonghuId != ''">
                and (
                    a.yonghu_id = #{params.yonghuId}
                )
            </if>
            <if test="params.yuangongId != null and params.yuangongId != ''">
                and (
                    a.yuangong_id = #{params.yuangongId}
                )
            </if>
            <if test=" params.weixiudengjiUuidNumber != '' and params.weixiudengjiUuidNumber != null and params.weixiudengjiUuidNumber != 'null' ">
                and a.weixiudengji_uuid_number like CONCAT('%',#{params.weixiudengjiUuidNumber},'%')
            </if>
            <if test=" params.weixiudengjiName != '' and params.weixiudengjiName != null and params.weixiudengjiName != 'null' ">
                and a.weixiudengji_name like CONCAT('%',#{params.weixiudengjiName},'%')
            </if>
            <if test="params.weixiudengjiTypes != null and params.weixiudengjiTypes != ''">
                and a.weixiudengji_types = #{params.weixiudengjiTypes}
            </if>
            <if test=" params.weixiudengjiContent != '' and params.weixiudengjiContent != null and params.weixiudengjiContent != 'null' ">
                and a.weixiudengji_content like CONCAT('%',#{params.weixiudengjiContent},'%')
            </if>
            <if test=" params.weixiudengjiTimeStart != '' and params.weixiudengjiTimeStart != null ">
                <![CDATA[  and UNIX_TIMESTAMP(a.weixiudengji_time) >= UNIX_TIMESTAMP(#{params.weixiudengjiTimeStart}) ]]>
            </if>
            <if test=" params.weixiudengjiTimeEnd != '' and params.weixiudengjiTimeEnd != null ">
                <![CDATA[  and UNIX_TIMESTAMP(a.weixiudengji_time) <= UNIX_TIMESTAMP(#{params.weixiudengjiTimeEnd}) ]]>
            </if>
            <if test=" params.insertTimeStart != '' and params.insertTimeStart != null ">
                <![CDATA[  and UNIX_TIMESTAMP(a.insert_time) >= UNIX_TIMESTAMP(#{params.insertTimeStart}) ]]>
            </if>
            <if test=" params.insertTimeEnd != '' and params.insertTimeEnd != null ">
                <![CDATA[  and UNIX_TIMESTAMP(a.insert_time) <= UNIX_TIMESTAMP(#{params.insertTimeEnd}) ]]>
            </if>

                <!-- 判断用户的id不为空 -->
            <if test=" params.yonghuIdNotNull != '' and params.yonghuIdNotNull != null and params.yonghuIdNotNull != 'null' ">
                and a.yonghu_id IS NOT NULL
            </if>
            <if test=" params.yonghuName != '' and params.yonghuName != null and params.yonghuName != 'null' ">
                and yonghu.yonghu_name like CONCAT('%',#{params.yonghuName},'%')
            </if>
            <if test=" params.yonghuPhone != '' and params.yonghuPhone != null and params.yonghuPhone != 'null' ">
                and yonghu.yonghu_phone like CONCAT('%',#{params.yonghuPhone},'%')
            </if>
            <if test=" params.yonghuIdNumber != '' and params.yonghuIdNumber != null and params.yonghuIdNumber != 'null' ">
                and yonghu.yonghu_id_number like CONCAT('%',#{params.yonghuIdNumber},'%')
            </if>
            <if test="params.sexTypes != null  and params.sexTypes != ''">
                and yonghu.sex_types = #{params.sexTypes}
            </if>

            <if test="params.zhunjiaTypes != null  and params.zhunjiaTypes != ''">
                and yonghu.zhunjia_types = #{params.zhunjiaTypes}
            </if>

            <if test=" params.jiashizhenghao != '' and params.jiashizhenghao != null and params.jiashizhenghao != 'null' ">
                and yonghu.jiashizhenghao like CONCAT('%',#{params.jiashizhenghao},'%')
            </if>
            <if test=" params.yonghuContent != '' and params.yonghuContent != null and params.yonghuContent != 'null' ">
                and yonghu.yonghu_content like CONCAT('%',#{params.yonghuContent},'%')
            </if>
            <if test=" params.insertTimeStart != '' and params.insertTimeStart != null ">
                <![CDATA[  and UNIX_TIMESTAMP(yonghu.insert_time) >= UNIX_TIMESTAMP(#{params.insertTimeStart}) ]]>
            </if>
            <if test=" params.insertTimeEnd != '' and params.insertTimeEnd != null ">
                <![CDATA[  and UNIX_TIMESTAMP(yonghu.insert_time) <= UNIX_TIMESTAMP(#{params.insertTimeEnd}) ]]>
            </if>
                <!-- 判断员工的id不为空 -->
            <if test=" params.yuangongIdNotNull != '' and params.yuangongIdNotNull != null and params.yuangongIdNotNull != 'null' ">
                and a.yuangong_id IS NOT NULL
            </if>
            <if test=" params.yuangongUuidNumber != '' and params.yuangongUuidNumber != null and params.yuangongUuidNumber != 'null' ">
                and yuangong.yuangong_uuid_number like CONCAT('%',#{params.yuangongUuidNumber},'%')
            </if>
            <if test=" params.yuangongName != '' and params.yuangongName != null and params.yuangongName != 'null' ">
                and yuangong.yuangong_name like CONCAT('%',#{params.yuangongName},'%')
            </if>
            <if test=" params.yuangongPhone != '' and params.yuangongPhone != null and params.yuangongPhone != 'null' ">
                and yuangong.yuangong_phone like CONCAT('%',#{params.yuangongPhone},'%')
            </if>
            <if test=" params.yuangongIdNumber != '' and params.yuangongIdNumber != null and params.yuangongIdNumber != 'null' ">
                and yuangong.yuangong_id_number like CONCAT('%',#{params.yuangongIdNumber},'%')
            </if>
            <if test=" params.yuangongEmail != '' and params.yuangongEmail != null and params.yuangongEmail != 'null' ">
                and yuangong.yuangong_email like CONCAT('%',#{params.yuangongEmail},'%')
            </if>
        </where>

        order by a.${params.orderBy} desc 
    </select>

</mapper>