<?xml version="1.0" encoding="UTF-8"?>
<!DOCTYPE mapper PUBLIC "-//mybatis.org//DTD Mapper 3.0//EN" "http://mybatis.org/dtd/mybatis-3-mapper.dtd">
<mapper namespace="com.dao.YonghuDao">

    <!-- 通用查询结果列 -->
    <sql id="Base_Column_List">
        a.id as id
        ,a.yonghu_name as yonghuName
        ,a.yonghu_phone as yonghuPhone
        ,a.yonghu_id_number as yonghuIdNumber
        ,a.yonghu_photo as yonghuPhoto
        ,a.sex_types as sexTypes
        ,a.zhunjia_types as zhunjiaTypes
        ,a.jiashizhenghao as jiashizhenghao
        ,a.yonghu_content as yonghuContent
        ,a.insert_time as insertTime
        ,a.create_time as createTime
    </sql>
    <select id="selectListView" parameterType="map" resultType="com.entity.view.YonghuView" >
        SELECT
        <include refid="Base_Column_List" />

--         级联表的字段

        FROM yonghu  a

        <where>
            <if test="params.ids != null">
                and a.id in
                <foreach item="item" index="index" collection="params.ids" open="(" separator="," close=")">
                #{item}
                </foreach>
            </if>
            <if test=" params.yonghuName != '' and params.yonghuName != null and params.yonghuName != 'null' ">
                and a.yonghu_name like CONCAT('%',#{params.yonghuName},'%')
            </if>
            <if test=" params.yonghuPhone != '' and params.yonghuPhone != null and params.yonghuPhone != 'null' ">
                and a.yonghu_phone like CONCAT('%',#{params.yonghuPhone},'%')
            </if>
            <if test=" params.yonghuIdNumber != '' and params.yonghuIdNumber != null and params.yonghuIdNumber != 'null' ">
                and a.yonghu_id_number like CONCAT('%',#{params.yonghuIdNumber},'%')
            </if>
            <if test="params.sexTypes != null and params.sexTypes != ''">
                and a.sex_types = #{params.sexTypes}
            </if>
            <if test="params.zhunjiaTypes != null and params.zhunjiaTypes != ''">
                and a.zhunjia_types = #{params.zhunjiaTypes}
            </if>
            <if test=" params.jiashizhenghao != '' and params.jiashizhenghao != null and params.jiashizhenghao != 'null' ">
                and a.jiashizhenghao like CONCAT('%',#{params.jiashizhenghao},'%')
            </if>
            <if test=" params.yonghuContent != '' and params.yonghuContent != null and params.yonghuContent != 'null' ">
                and a.yonghu_content like CONCAT('%',#{params.yonghuContent},'%')
            </if>
            <if test=" params.insertTimeStart != '' and params.insertTimeStart != null ">
                <![CDATA[  and UNIX_TIMESTAMP(a.insert_time) >= UNIX_TIMESTAMP(#{params.insertTimeStart}) ]]>
            </if>
            <if test=" params.insertTimeEnd != '' and params.insertTimeEnd != null ">
                <![CDATA[  and UNIX_TIMESTAMP(a.insert_time) <= UNIX_TIMESTAMP(#{params.insertTimeEnd}) ]]>
            </if>

        </where>

        order by a.${params.orderBy} desc 
    </select>

</mapper>